epoch,time,train/box_loss,train/cls_loss,train/dfl_loss,metrics/precision(B),metrics/recall(B),metrics/mAP50(B),metrics/mAP50-95(B),val/box_loss,val/cls_loss,val/dfl_loss,lr/pg0,lr/pg1,lr/pg2
1,18.0147,2.65856,3.99174,1.55832,0.22715,0.04366,0.04545,0.02265,2.10878,2.50224,1.00645,0.0928,0.0008,0.0008
2,29.7601,2.45,3.23777,1.45534,0.17903,0.08373,0.07496,0.03604,1.82298,1.60796,1.01041,0.0847,0.00169998,0.00169998
3,41.477,1.88719,1.40911,1.12611,0.71363,0.09601,0.09046,0.04214,1.85254,inf,1.04094,0.0765999,0.0025999,0.0025999
4,53.2449,1.78764,1.14329,1.04658,0.71209,0.09379,0.09095,0.04075,1.9621,1.59694,1.02997,0.0684997,0.00349969,0.00349969
5,64.8089,1.75848,1.07282,1.02131,0.38722,0.09934,0.10494,0.05103,1.72635,inf,1.00015,0.0603993,0.00439931,0.00439931
6,76.2364,1.7402,1.02201,1.0086,0.32874,0.10318,0.10977,0.05057,1.91134,1.13005,1.02147,0.0522987,0.00529871,0.00529871
7,87.7173,1.75168,0.99337,1.00152,0.41896,0.10281,0.11144,0.05305,1.76961,1.26618,1.00179,0.0441978,0.00619782,0.00619782
8,99.1273,1.73317,1.00414,0.99604,0.43312,0.1053,0.11703,0.05799,1.72691,0.93735,0.98852,0.0360966,0.0070966,0.0070966
9,110.484,1.74498,0.98359,0.99565,0.52215,0.11026,0.12755,0.06598,1.60515,1.03546,0.97247,0.027995,0.007995,0.007995
10,121.72,1.76905,0.94609,0.99035,0.42918,0.11565,0.12969,0.06245,1.80418,1.02669,1.00103,0.019893,0.00889296,0.00889296
11,132.923,1.71989,0.98496,0.98373,0.39479,0.10816,0.1277,0.06809,1.67539,0.899,0.99078,0.0117904,0.00979043,0.00979043
12,144.283,1.75324,0.94628,0.98858,0.37566,0.11073,0.13188,0.06583,1.74479,0.96529,0.99124,0.00998818,0.00998818,0.00998818
13,155.671,1.71076,0.94315,0.97846,0.41497,0.11134,0.13764,0.07065,1.73624,0.99359,0.99437,0.00998594,0.00998594,0.00998594
14,167.128,1.69563,0.91033,0.97258,0.37639,0.09354,0.12266,0.05863,1.93575,1.32392,1.04202,0.0099835,0.0099835,0.0099835
15,178.592,1.68029,0.88694,0.9683,0.3906,0.10161,0.12096,0.06167,1.83232,1.15904,1.01605,0.00998086,0.00998086,0.00998086
16,190.027,1.65693,0.8667,0.96326,0.4009,0.12004,0.14338,0.07153,1.73334,1.00418,0.98299,0.00997803,0.00997803,0.00997803
17,201.378,1.63034,0.86117,0.95469,0.45993,0.1212,0.14326,0.07526,1.62041,0.88487,0.96944,0.00997501,0.00997501,0.00997501
18,212.888,1.62512,0.84082,0.95507,0.45633,0.12142,0.1426,0.07451,1.63198,0.89182,0.96861,0.00997179,0.00997179,0.00997179
19,224.332,1.61446,0.82656,0.95268,0.49505,0.12169,0.1529,0.07977,1.63684,0.91056,0.96406,0.00996838,0.00996838,0.00996838
20,235.811,1.58336,0.83007,0.94841,0.55595,0.12147,0.14702,0.07566,1.63844,0.89816,0.96925,0.00996477,0.00996477,0.00996477
21,247.291,1.57944,0.81368,0.94426,0.57845,0.12214,0.14948,0.07774,1.61006,0.90746,0.96612,0.00996097,0.00996097,0.00996097
22,258.727,1.56734,0.81238,0.94364,0.53712,0.12061,0.14691,0.07592,1.6628,0.9751,0.96823,0.00995697,0.00995697,0.00995697
23,270.227,1.55336,0.80731,0.94128,0.48416,0.12217,0.14152,0.07235,1.66157,0.91764,0.9745,0.00995278,0.00995278,0.00995278
24,281.75,1.57668,0.8158,0.94001,0.50532,0.12471,0.14976,0.07659,1.66193,1.00433,0.96775,0.0099484,0.0099484,0.0099484
25,293.458,1.55801,0.81039,0.9395,0.51661,0.12116,0.14298,0.07125,1.70703,0.96554,0.97408,0.00994383,0.00994383,0.00994383
26,304.883,1.55622,0.79933,0.93818,0.45549,0.13095,0.15008,0.07697,1.62681,0.90985,0.96581,0.00993906,0.00993906,0.00993906
27,316.329,1.5363,0.79613,0.9354,0.60676,0.12232,0.15385,0.07797,1.64075,0.91205,0.97085,0.0099341,0.0099341,0.0099341
28,327.69,1.54142,0.78167,0.93301,0.54006,0.12584,0.15566,0.07845,1.66703,0.93574,0.96594,0.00992894,0.00992894,0.00992894
29,339.124,1.54385,0.77757,0.92931,0.50367,0.13245,0.15725,0.08456,1.54051,0.84859,0.94584,0.00992359,0.00992359,0.00992359
30,350.677,1.52912,0.76896,0.92692,0.53532,0.13293,0.16062,0.08304,1.62382,0.88189,0.95996,0.00991805,0.00991805,0.00991805
31,362.113,1.52141,0.76629,0.92814,0.55277,0.12523,0.15607,0.08128,1.56549,0.92191,0.95435,0.00991232,0.00991232,0.00991232
32,373.583,1.50027,0.78386,0.92541,0.52942,0.13106,0.16194,0.08459,1.55583,0.87999,0.95056,0.0099064,0.0099064,0.0099064
33,385.206,1.49986,0.77012,0.92457,0.5469,0.13468,0.16312,0.08547,1.55152,0.88484,0.9486,0.00990028,0.00990028,0.00990028
34,396.848,1.50639,0.76262,0.92554,0.537,0.1417,0.16268,0.08597,1.53437,0.82885,0.94645,0.00989398,0.00989398,0.00989398
35,408.412,1.50149,0.75986,0.92503,0.46575,0.13567,0.15869,0.08346,1.57805,0.8835,0.9571,0.00988748,0.00988748,0.00988748
36,419.94,1.49594,0.76025,0.92191,0.51927,0.13951,0.1643,0.08871,1.49223,0.8207,0.94314,0.00988079,0.00988079,0.00988079
37,431.493,1.48727,0.75084,0.91892,0.5149,0.13384,0.1561,0.08087,1.612,0.87154,0.95939,0.00987391,0.00987391,0.00987391
38,443.067,1.48718,0.75306,0.91935,0.51471,0.13897,0.16322,0.08474,1.567,0.85308,0.94836,0.00986684,0.00986684,0.00986684
39,454.55,1.48043,0.75094,0.92072,0.56874,0.13982,0.16827,0.08843,1.51662,0.79847,0.94736,0.00985958,0.00985958,0.00985958
40,465.989,1.47187,0.74403,0.91969,0.53529,0.13823,0.16452,0.08592,1.56023,0.83224,0.95426,0.00985213,0.00985213,0.00985213
41,477.389,1.46916,0.74058,0.91588,0.48848,0.14341,0.16326,0.08557,1.55761,0.81967,0.95521,0.00984449,0.00984449,0.00984449
42,488.899,1.46039,0.74039,0.91891,0.48325,0.13632,0.15902,0.08237,1.63713,0.88704,0.97446,0.00983666,0.00983666,0.00983666
43,500.456,1.44792,0.74289,0.91531,0.50875,0.13712,0.15608,0.08393,1.51693,0.83727,0.94685,0.00982864,0.00982864,0.00982864
44,512.142,1.46195,0.75165,0.91877,0.46047,0.13992,0.15319,0.07887,1.6043,0.87456,0.96243,0.00982043,0.00982043,0.00982043
45,523.885,1.47606,0.75282,0.91463,0.48796,0.13751,0.15605,0.08421,1.48609,0.80038,0.94523,0.00981204,0.00981204,0.00981204
46,535.77,1.45947,0.73987,0.91695,0.4655,0.14638,0.16439,0.08568,1.54696,0.83029,0.94644,0.00980345,0.00980345,0.00980345
47,547.611,1.46629,0.74297,0.91656,0.47998,0.14146,0.16481,0.08541,1.58335,0.86059,0.95338,0.00979468,0.00979468,0.00979468
48,559.398,1.46578,0.73607,0.91533,0.48519,0.14563,0.16663,0.08746,1.54799,0.83614,0.95374,0.00978572,0.00978572,0.00978572
49,571.078,1.44561,0.7362,0.91541,0.5098,0.14428,0.17241,0.09166,1.51275,0.79368,0.95189,0.00977658,0.00977658,0.00977658
50,582.88,1.45505,0.7252,0.91485,0.48741,0.14707,0.16758,0.08897,1.52699,0.79765,0.9515,0.00976725,0.00976725,0.00976725
51,594.693,1.43317,0.72298,0.91258,0.51746,0.14526,0.17101,0.09194,1.48921,0.79183,0.94661,0.00975773,0.00975773,0.00975773
52,606.441,1.44315,0.72561,0.91106,0.47366,0.14613,0.16929,0.08628,1.61203,0.85367,0.96221,0.00974803,0.00974803,0.00974803
53,618.105,1.43912,0.73135,0.91006,0.54246,0.14576,0.17113,0.09139,1.47533,0.78658,0.93441,0.00973814,0.00973814,0.00973814
54,629.656,1.43225,0.72134,0.90972,0.54728,0.14232,0.1653,0.08612,1.53237,0.81844,0.9495,0.00972806,0.00972806,0.00972806
55,641.153,1.44478,0.72792,0.9144,0.58337,0.1434,0.17618,0.09384,1.48954,0.79386,0.93893,0.0097178,0.0097178,0.0097178
56,652.699,1.43637,0.7315,0.91335,0.50868,0.1368,0.16814,0.08867,1.53358,0.83554,0.95225,0.00970736,0.00970736,0.00970736
57,664.3,1.43314,0.72869,0.91199,0.51658,0.14347,0.16512,0.08879,1.46374,0.76492,0.93947,0.00969673,0.00969673,0.00969673
58,675.852,1.44219,0.72856,0.91361,0.602,0.14185,0.16858,0.09068,1.46201,0.75625,0.93774,0.00968592,0.00968592,0.00968592
59,687.464,1.42847,0.72908,0.90826,0.44853,0.15006,0.16998,0.09109,1.49694,0.77369,0.93535,0.00967493,0.00967493,0.00967493
60,699.115,1.42799,0.72858,0.90674,0.52608,0.14263,0.16453,0.08782,1.48237,0.76324,0.93839,0.00966375,0.00966375,0.00966375
61,710.78,1.42705,0.71657,0.90859,0.52395,0.14163,0.1739,0.09242,1.48334,0.80393,0.9425,0.00965239,0.00965239,0.00965239
62,722.341,1.43273,0.7162,0.90889,0.54295,0.14365,0.17391,0.09363,1.48632,0.77219,0.94405,0.00964085,0.00964085,0.00964085
63,733.926,1.42287,0.71499,0.90749,0.56353,0.14409,0.17858,0.09756,1.43681,0.75451,0.93767,0.00962913,0.00962913,0.00962913
64,745.476,1.414,0.71005,0.90717,0.50423,0.15256,0.17955,0.09552,1.47146,0.76796,0.94028,0.00961723,0.00961723,0.00961723
65,756.985,1.42649,0.71229,0.90919,0.53597,0.14777,0.17909,0.09535,1.49498,0.77717,0.93986,0.00960515,0.00960515,0.00960515
66,768.495,1.41445,0.70956,0.90748,0.51927,0.14034,0.16387,0.08652,1.52032,0.8199,0.95104,0.00959289,0.00959289,0.00959289
67,779.972,1.40554,0.72888,0.9098,0.4807,0.14157,0.16891,0.0882,1.56847,0.82038,0.95087,0.00958044,0.00958044,0.00958044
68,791.505,1.42703,0.72323,0.9094,0.54584,0.14186,0.16917,0.08719,1.52226,0.8333,0.94683,0.00956782,0.00956782,0.00956782
69,803.109,1.43057,0.71376,0.90888,0.56945,0.13844,0.16539,0.08742,1.49675,0.78693,0.93957,0.00955502,0.00955502,0.00955502
70,814.637,1.41939,0.71083,0.90993,0.49252,0.14439,0.16868,0.09065,1.51002,0.77492,0.94683,0.00954205,0.00954205,0.00954205
71,826.183,1.41718,0.71361,0.90824,0.45912,0.1547,0.17637,0.09533,1.45594,0.74795,0.93918,0.00952889,0.00952889,0.00952889
72,837.784,1.41681,0.70696,0.90576,0.56098,0.14684,0.17605,0.09474,1.4408,0.74942,0.93403,0.00951556,0.00951556,0.00951556
73,849.344,1.40273,0.70955,0.90558,0.55855,0.15041,0.17647,0.09575,1.42997,0.73582,0.93217,0.00950206,0.00950206,0.00950206
74,860.921,1.39792,0.70583,0.90476,0.48812,0.15351,0.18079,0.09813,1.43786,0.73955,0.933,0.00948837,0.00948837,0.00948837
75,872.558,1.40477,0.70365,0.90526,0.51115,0.14898,0.173,0.09351,1.43951,0.74154,0.92852,0.00947452,0.00947452,0.00947452
76,884.135,1.40063,0.70877,0.90195,0.48698,0.1524,0.17974,0.09787,1.43907,0.75555,0.9358,0.00946048,0.00946048,0.00946048
77,895.593,1.39076,0.70063,0.90161,0.4753,0.14687,0.17277,0.09267,1.49322,0.78931,0.93612,0.00944628,0.00944628,0.00944628
78,907.118,1.40221,0.69108,0.90521,0.50618,0.15169,0.18164,0.09815,1.43956,0.76046,0.93294,0.00943189,0.00943189,0.00943189
79,918.628,1.39301,0.69259,0.9031,0.49376,0.15091,0.18483,0.09955,1.46337,0.78159,0.93599,0.00941734,0.00941734,0.00941734
80,930.197,1.37517,0.6969,0.90273,0.46406,0.13721,0.16079,0.08583,1.53311,0.86504,0.95734,0.00940262,0.00940262,0.00940262
81,941.708,1.39935,0.70853,0.90435,0.40287,0.12288,0.14233,0.07533,1.66067,0.9657,0.97788,0.00938772,0.00938772,0.00938772
82,953.353,1.41417,0.70331,0.90432,0.41424,0.14336,0.16538,0.08817,1.54819,0.85936,0.95423,0.00937265,0.00937265,0.00937265
83,965.039,1.39568,0.7019,0.90371,0.48626,0.15341,0.17554,0.09447,1.45772,0.76104,0.94005,0.00935741,0.00935741,0.00935741
84,976.662,1.39748,0.70495,0.90614,0.44054,0.15422,0.17501,0.09418,1.45808,0.75561,0.94444,0.009342,0.009342,0.009342
85,988.268,1.38427,0.70373,0.90408,0.44754,0.15485,0.17499,0.09452,1.45577,0.75036,0.93902,0.00932642,0.00932642,0.00932642
86,999.838,1.39251,0.70455,0.90582,0.45106,0.1515,0.16789,0.08967,1.47678,0.75554,0.94781,0.00931067,0.00931067,0.00931067
87,1011.53,1.3893,0.69791,0.90286,0.40045,0.12957,0.14185,0.07226,1.7199,0.96187,0.99434,0.00929476,0.00929476,0.00929476
88,1023.1,1.38141,0.70525,0.90319,0.4738,0.1318,0.15255,0.08031,1.57842,0.85834,0.96433,0.00927867,0.00927867,0.00927867
89,1034.68,1.4013,0.69818,0.90483,0.48632,0.147,0.17044,0.09164,1.47863,0.78315,0.94135,0.00926242,0.00926242,0.00926242
90,1046.37,1.38782,0.70092,0.90249,0.46603,0.13543,0.15212,0.08004,1.57286,0.86683,0.96262,0.00924601,0.00924601,0.00924601
91,1058,1.39443,0.70221,0.90419,0.5019,0.14338,0.16198,0.08775,1.45242,0.75815,0.93624,0.00922942,0.00922942,0.00922942
92,1069.48,1.39185,0.70272,0.89916,0.51064,0.15018,0.17429,0.09373,1.44432,0.74806,0.93408,0.00921268,0.00921268,0.00921268
93,1081.1,1.38316,0.70211,0.90206,0.50221,0.15162,0.17534,0.09603,1.41096,0.72635,0.92966,0.00919576,0.00919576,0.00919576
94,1092.66,1.37458,0.69153,0.89829,0.45162,0.1595,0.17954,0.09648,1.45649,0.74429,0.93305,0.00917869,0.00917869,0.00917869
95,1104.17,1.3903,0.68973,0.90118,0.45375,0.15419,0.1714,0.09412,1.42474,0.73579,0.93812,0.00916145,0.00916145,0.00916145
96,1115.66,1.37494,0.68934,0.90013,0.50237,0.15518,0.17743,0.09657,1.41206,0.7293,0.93086,0.00914405,0.00914405,0.00914405
97,1127.18,1.36907,0.68484,0.89828,0.43163,0.16092,0.17864,0.09788,1.41072,0.71476,0.93186,0.00912649,0.00912649,0.00912649
98,1138.71,1.36659,0.6841,0.89861,0.45122,0.15734,0.1777,0.09699,1.41859,0.7279,0.93002,0.00910876,0.00910876,0.00910876
99,1150.13,1.36439,0.68257,0.89676,0.481,0.15596,0.18299,0.09983,1.41733,0.73232,0.93309,0.00909088,0.00909088,0.00909088
100,1161.62,1.36043,0.67979,0.89752,0.47259,0.15782,0.18394,0.0996,1.43837,0.73991,0.94122,0.00907284,0.00907284,0.00907284
101,1173.08,1.35997,0.67811,0.89693,0.50941,0.15476,0.18317,0.10012,1.40583,0.73024,0.92545,0.00905463,0.00905463,0.00905463
102,1184.64,1.36662,0.67867,0.89443,0.44869,0.16135,0.18747,0.10041,1.44736,0.74449,0.92756,0.00903627,0.00903627,0.00903627
103,1196.18,1.37024,0.68032,0.89738,0.461,0.1604,0.18304,0.1004,1.39697,0.70941,0.92749,0.00901776,0.00901776,0.00901776
104,1207.71,1.3487,0.67774,0.89653,0.47356,0.16193,0.18109,0.09948,1.41757,0.71147,0.92985,0.00899908,0.00899908,0.00899908
105,1219.16,1.34506,0.67937,0.89515,0.48582,0.1572,0.1787,0.09748,1.41042,0.7207,0.93367,0.00898025,0.00898025,0.00898025
106,1230.56,1.34903,0.67513,0.8957,0.4638,0.15904,0.1811,0.09775,1.4097,0.71822,0.9307,0.00896127,0.00896127,0.00896127
107,1241.94,1.35439,0.67744,0.89379,0.49371,0.15444,0.17882,0.09746,1.43059,0.73235,0.93512,0.00894213,0.00894213,0.00894213
108,1253.34,1.34606,0.67226,0.89663,0.45658,0.15595,0.17939,0.0982,1.42589,0.73554,0.93401,0.00892283,0.00892283,0.00892283
109,1264.68,1.335,0.67214,0.89741,0.47536,0.15441,0.17391,0.09473,1.43629,0.74495,0.93757,0.00890339,0.00890339,0.00890339
110,1275.94,1.34927,0.67952,0.89634,0.47813,0.14317,0.16749,0.08964,1.49365,0.81483,0.95626,0.00888379,0.00888379,0.00888379
111,1287.27,1.35314,0.68514,0.89778,0.48267,0.14588,0.17451,0.09398,1.47576,0.79819,0.94271,0.00886404,0.00886404,0.00886404
112,1298.77,1.35011,0.68743,0.89523,0.48674,0.1472,0.17215,0.09287,1.47994,0.79178,0.93771,0.00884414,0.00884414,0.00884414
113,1310.44,1.36742,0.6869,0.89819,0.53759,0.15314,0.17679,0.09694,1.41391,0.72596,0.93446,0.00882409,0.00882409,0.00882409
114,1322.39,1.34794,0.67152,0.89657,0.49145,0.15638,0.18228,0.09991,1.41914,0.72103,0.93722,0.00880389,0.00880389,0.00880389
115,1335.5,1.34715,0.6667,0.89326,0.49291,0.1613,0.18744,0.10297,1.39729,0.71274,0.93199,0.00878354,0.00878354,0.00878354
116,1348.01,1.3455,0.66557,0.89447,0.55428,0.15437,0.18401,0.10091,1.39043,0.70963,0.92655,0.00876305,0.00876305,0.00876305
117,1360.37,1.33161,0.66901,0.89169,0.58059,0.14801,0.17823,0.09714,1.41332,0.7241,0.93109,0.00874241,0.00874241,0.00874241
118,1372.83,1.333,0.67123,0.89184,0.55117,0.151,0.17814,0.09764,1.41244,0.71591,0.93313,0.00872162,0.00872162,0.00872162
119,1385.21,1.33598,0.66806,0.89262,0.48719,0.15878,0.18465,0.10073,1.41434,0.71303,0.93213,0.00870069,0.00870069,0.00870069
120,1397.53,1.3355,0.66435,0.89162,0.46319,0.15814,0.17965,0.09883,1.41074,0.71406,0.93319,0.00867961,0.00867961,0.00867961
121,1409.85,1.32736,0.66545,0.89275,0.48201,0.15715,0.17898,0.0992,1.39637,0.71357,0.92523,0.00865839,0.00865839,0.00865839
122,1422.02,1.33656,0.67849,0.89074,0.44059,0.15753,0.17931,0.09785,1.43182,0.73176,0.92986,0.00863703,0.00863703,0.00863703
123,1434.28,1.32389,0.66566,0.88983,0.45854,0.15844,0.17736,0.09692,1.42995,0.73981,0.93376,0.00861553,0.00861553,0.00861553
124,1446.55,1.32546,0.67569,0.88926,0.46943,0.15634,0.1822,0.09772,1.43431,0.72868,0.93365,0.00859389,0.00859389,0.00859389
125,1458.85,1.31496,0.66054,0.8877,0.4811,0.1566,0.18546,0.10192,1.40032,0.72455,0.92708,0.0085721,0.0085721,0.0085721
126,1471.13,1.32408,0.66706,0.89066,0.44898,0.15616,0.1805,0.098,1.44242,0.74462,0.93365,0.00855018,0.00855018,0.00855018
127,1483.48,1.33546,0.65956,0.89289,0.45427,0.16123,0.18625,0.10173,1.4186,0.73319,0.93185,0.00852812,0.00852812,0.00852812
128,1495.75,1.31327,0.65298,0.8891,0.47595,0.16402,0.1872,0.10326,1.38445,0.69443,0.92841,0.00850592,0.00850592,0.00850592
129,1508.02,1.31699,0.65293,0.89028,0.45119,0.1599,0.1828,0.10115,1.40989,0.72367,0.92924,0.00848358,0.00848358,0.00848358
130,1520.26,1.3231,0.6611,0.89081,0.44377,0.16154,0.18736,0.10343,1.40319,0.73215,0.92429,0.00846111,0.00846111,0.00846111
131,1532.56,1.31994,0.66043,0.8904,0.46751,0.1605,0.19101,0.10459,1.39199,0.72507,0.92565,0.00843851,0.00843851,0.00843851
132,1544.96,1.31522,0.65712,0.89024,0.48681,0.16168,0.18848,0.10411,1.37941,0.70297,0.92463,0.00841577,0.00841577,0.00841577
133,1557.23,1.304,0.66164,0.88874,0.46143,0.16098,0.19217,0.10596,1.39998,0.71976,0.92739,0.0083929,0.0083929,0.0083929
134,1569.43,1.32112,0.66631,0.88848,0.50112,0.15532,0.18247,0.10146,1.38517,0.71199,0.92841,0.00836989,0.00836989,0.00836989
135,1581.64,1.31321,0.66037,0.88851,0.53897,0.14882,0.17283,0.09473,1.42119,0.73626,0.93516,0.00834676,0.00834676,0.00834676
136,1593.71,1.30873,0.65676,0.889,0.48341,0.15652,0.1812,0.09976,1.40264,0.71323,0.93347,0.00832349,0.00832349,0.00832349
137,1606.07,1.30932,0.65508,0.89029,0.45021,0.16282,0.18508,0.10277,1.39853,0.70292,0.92777,0.0083001,0.0083001,0.0083001
138,1618.7,1.30996,0.65555,0.88851,0.45365,0.16278,0.18105,0.10056,1.38634,0.70009,0.92589,0.00827658,0.00827658,0.00827658
139,1630.96,1.30458,0.65763,0.88846,0.47595,0.15911,0.17828,0.09763,1.39275,0.70116,0.92724,0.00825293,0.00825293,0.00825293
140,1643.19,1.31812,0.66395,0.88859,0.47597,0.15935,0.18035,0.09904,1.39061,0.70661,0.93075,0.00822915,0.00822915,0.00822915
141,1655.39,1.30783,0.6572,0.8871,0.47958,0.14969,0.17595,0.09688,1.42588,0.72849,0.93812,0.00820525,0.00820525,0.00820525
142,1667.37,1.3019,0.67561,0.89084,0.45761,0.14379,0.17013,0.09209,1.50739,0.81254,0.95164,0.00818122,0.00818122,0.00818122
143,1679.54,1.31767,0.66367,0.88962,0.44449,0.14343,0.16355,0.08634,1.57694,0.86273,0.96243,0.00815707,0.00815707,0.00815707
144,1691.64,1.32435,0.65524,0.89054,0.43464,0.15578,0.17153,0.09223,1.47553,0.75392,0.94123,0.0081328,0.0081328,0.0081328
145,1703.78,1.31733,0.6565,0.88966,0.45727,0.1548,0.17768,0.09842,1.41713,0.71364,0.93508,0.00810841,0.00810841,0.00810841
146,1715.97,1.30225,0.65096,0.88687,0.47963,0.15905,0.18118,0.09908,1.40038,0.71149,0.93111,0.00808389,0.00808389,0.00808389
147,1728.19,1.29295,0.64223,0.88658,0.44166,0.16631,0.18292,0.10101,1.39534,0.69535,0.92635,0.00805925,0.00805925,0.00805925
148,1740.54,1.30088,0.64935,0.88576,0.4612,0.16648,0.19015,0.10419,1.39096,0.70089,0.9287,0.0080345,0.0080345,0.0080345
149,1752.8,1.29318,0.65071,0.88447,0.47727,0.16545,0.19449,0.10685,1.36589,0.69777,0.92231,0.00800963,0.00800963,0.00800963
150,1765.08,1.30115,0.64216,0.88625,0.47478,0.16492,0.1914,0.10453,1.38663,0.70187,0.92566,0.00798464,0.00798464,0.00798464
151,1777.37,1.28793,0.64526,0.88599,0.47725,0.16361,0.18863,0.1034,1.38913,0.71653,0.92539,0.00795954,0.00795954,0.00795954
152,1789.65,1.27622,0.64299,0.88276,0.49276,0.15968,0.17923,0.09743,1.41021,0.71981,0.93371,0.00793432,0.00793432,0.00793432
153,1801.95,1.27772,0.63663,0.88396,0.4798,0.16358,0.18537,0.10177,1.39195,0.70139,0.929,0.00790898,0.00790898,0.00790898
154,1814.28,1.27964,0.63581,0.88293,0.52157,0.15849,0.18505,0.10276,1.35902,0.69449,0.92511,0.00788354,0.00788354,0.00788354
155,1826.49,1.27907,0.64648,0.8827,0.50285,0.16402,0.19164,0.10637,1.35177,0.68212,0.92052,0.00785798,0.00785798,0.00785798
156,1838.69,1.28591,0.64052,0.88454,0.47698,0.16504,0.18562,0.10236,1.37597,0.69442,0.92546,0.00783231,0.00783231,0.00783231
157,1850.89,1.28456,0.63957,0.8829,0.45205,0.16466,0.18651,0.10206,1.40309,0.70909,0.92831,0.00780653,0.00780653,0.00780653
158,1863.16,1.27778,0.64029,0.88323,0.50133,0.16098,0.19006,0.10441,1.37564,0.71203,0.92079,0.00778065,0.00778065,0.00778065
159,1875.33,1.28053,0.64231,0.88165,0.47282,0.16183,0.18972,0.10509,1.36743,0.69483,0.92453,0.00775465,0.00775465,0.00775465
160,1887.58,1.2738,0.63325,0.88066,0.45024,0.1652,0.1908,0.10508,1.37612,0.69557,0.92759,0.00772855,0.00772855,0.00772855
161,1899.91,1.26747,0.63063,0.88111,0.45608,0.16645,0.19074,0.10597,1.34706,0.68104,0.92391,0.00770234,0.00770234,0.00770234
162,1912.12,1.25897,0.63102,0.88117,0.4575,0.16046,0.19152,0.10555,1.39186,0.70807,0.92721,0.00767603,0.00767603,0.00767603
163,1924.29,1.2736,0.62737,0.8821,0.43647,0.16426,0.19272,0.10628,1.39491,0.71049,0.92799,0.00764961,0.00764961,0.00764961
164,1936.56,1.26591,0.62836,0.8816,0.47206,0.16444,0.18859,0.10331,1.39033,0.69888,0.93127,0.0076231,0.0076231,0.0076231
165,1948.82,1.25778,0.63899,0.8802,0.48733,0.16345,0.18718,0.10276,1.38223,0.69846,0.92523,0.00759648,0.00759648,0.00759648
166,1961.2,1.26937,0.63517,0.88075,0.48058,0.16544,0.19478,0.10672,1.37425,0.69059,0.92749,0.00756976,0.00756976,0.00756976
167,1973.46,1.2561,0.63623,0.87933,0.47048,0.16584,0.19476,0.10782,1.36656,0.68887,0.92386,0.00754293,0.00754293,0.00754293
168,1985.72,1.26546,0.6291,0.88043,0.44804,0.16781,0.1942,0.1071,1.37004,0.69154,0.92752,0.00751602,0.00751602,0.00751602
169,1998.01,1.25694,0.62962,0.87935,0.4828,0.16783,0.1931,0.1072,1.36379,0.68914,0.92552,0.007489,0.007489,0.007489
170,2010.26,1.26235,0.62331,0.88116,0.4518,0.16735,0.19345,0.1075,1.37134,0.69841,0.92523,0.00746189,0.00746189,0.00746189
171,2023.04,1.24524,0.62229,0.88008,0.43724,0.16928,0.18419,0.1028,1.34957,0.68033,0.91574,0.00743468,0.00743468,0.00743468
172,2035.25,1.24827,0.62493,0.88076,0.43589,0.16636,0.1823,0.10151,1.35864,0.68289,0.91597,0.00740738,0.00740738,0.00740738
173,2047.41,1.24947,0.62752,0.87948,0.48062,0.16526,0.1877,0.10449,1.35442,0.6755,0.91891,0.00737998,0.00737998,0.00737998
174,2059.17,1.25591,0.62134,0.88129,0.47412,0.16359,0.18517,0.10184,1.37132,0.68904,0.92279,0.0073525,0.0073525,0.0073525
175,2070.73,1.25258,0.62222,0.87795,0.48772,0.16637,0.19221,0.10666,1.35061,0.68493,0.91739,0.00732492,0.00732492,0.00732492
176,2082.53,1.24023,0.62611,0.87856,0.49263,0.16599,0.19443,0.10677,1.37655,0.70264,0.92458,0.00729725,0.00729725,0.00729725
177,2094.27,1.24099,0.6267,0.87831,0.49721,0.16039,0.19344,0.10522,1.4045,0.71042,0.92664,0.0072695,0.0072695,0.0072695
178,2105.86,1.24282,0.62277,0.87778,0.50951,0.16199,0.19876,0.10955,1.38244,0.71227,0.92373,0.00724165,0.00724165,0.00724165
179,2117.51,1.24104,0.61443,0.87717,0.48269,0.16572,0.19647,0.10771,1.39332,0.72147,0.92527,0.00721372,0.00721372,0.00721372
180,2129.09,1.24762,0.62376,0.87583,0.49864,0.16549,0.19733,0.10946,1.34839,0.68729,0.91883,0.00718571,0.00718571,0.00718571
181,2140.67,1.2315,0.61451,0.87509,0.48227,0.16465,0.19485,0.108,1.35174,0.68619,0.9225,0.00715761,0.00715761,0.00715761
182,2152.3,1.23082,0.61739,0.87472,0.45005,0.16599,0.19231,0.10561,1.3818,0.697,0.92241,0.00712942,0.00712942,0.00712942
183,2163.84,1.23911,0.61354,0.87721,0.46684,0.16989,0.19893,0.10994,1.35043,0.67807,0.91943,0.00710116,0.00710116,0.00710116
184,2175.38,1.24372,0.61658,0.87632,0.47333,0.16896,0.19494,0.10715,1.34323,0.6672,0.91737,0.00707281,0.00707281,0.00707281
185,2186.97,1.2312,0.61527,0.87564,0.46434,0.17023,0.19455,0.10732,1.35306,0.67049,0.91808,0.00704439,0.00704439,0.00704439
186,2198.54,1.21807,0.61166,0.87486,0.4539,0.16574,0.18866,0.10547,1.35115,0.66951,0.91774,0.00701588,0.00701588,0.00701588
187,2210.25,1.22725,0.60908,0.87633,0.45499,0.16799,0.18534,0.10353,1.33791,0.67077,0.91686,0.0069873,0.0069873,0.0069873
188,2221.85,1.23365,0.62258,0.8767,0.46685,0.16154,0.18745,0.1029,1.38596,0.70905,0.92747,0.00695864,0.00695864,0.00695864
189,2233.35,1.23386,0.62037,0.87824,0.46495,0.16327,0.19279,0.10666,1.37854,0.69641,0.92489,0.00692991,0.00692991,0.00692991
190,2244.81,1.23566,0.61915,0.87736,0.47695,0.16357,0.19177,0.10529,1.38581,0.70601,0.9291,0.0069011,0.0069011,0.0069011
191,2256.41,1.22841,0.61326,0.87672,0.49758,0.16046,0.19001,0.10469,1.3768,0.69161,0.93104,0.00687222,0.00687222,0.00687222
192,2267.93,1.23307,0.61577,0.8783,0.4913,0.16118,0.19369,0.1078,1.35783,0.6864,0.92553,0.00684326,0.00684326,0.00684326
193,2279.52,1.23576,0.61751,0.87495,0.47404,0.16835,0.19681,0.10714,1.38779,0.70179,0.92717,0.00681424,0.00681424,0.00681424
194,2290.98,1.22636,0.61715,0.87249,0.48386,0.1657,0.19504,0.10879,1.33484,0.67751,0.9159,0.00678514,0.00678514,0.00678514
195,2302.66,1.21991,0.61696,0.87308,0.4518,0.16761,0.19387,0.10681,1.36807,0.68775,0.91868,0.00675598,0.00675598,0.00675598
196,2314.19,1.22789,0.60372,0.87463,0.4721,0.16724,0.19581,0.10885,1.3545,0.68535,0.91886,0.00672675,0.00672675,0.00672675
197,2325.84,1.21001,0.60213,0.87283,0.49808,0.16699,0.19966,0.11092,1.34641,0.68229,0.92213,0.00669746,0.00669746,0.00669746
198,2337.42,1.20955,0.60374,0.87278,0.48756,0.16953,0.19665,0.10936,1.34889,0.6683,0.921,0.0066681,0.0066681,0.0066681
199,2349.14,1.21371,0.60498,0.87224,0.49676,0.16485,0.19152,0.10694,1.34633,0.6708,0.92121,0.00663867,0.00663867,0.00663867
200,2360.76,1.20649,0.60524,0.8717,0.50877,0.16455,0.19525,0.10935,1.33397,0.66996,0.91794,0.00660918,0.00660918,0.00660918
201,2372.26,1.20272,0.60725,0.87026,0.49402,0.16705,0.19978,0.11114,1.3375,0.67241,0.91983,0.00657963,0.00657963,0.00657963
202,2383.67,1.21363,0.6076,0.87339,0.50864,0.16327,0.18985,0.1053,1.35369,0.67745,0.9202,0.00655002,0.00655002,0.00655002
203,2395.07,1.21527,0.60077,0.87329,0.46644,0.16865,0.19365,0.10816,1.32534,0.66062,0.91741,0.00652036,0.00652036,0.00652036
204,2406.4,1.20018,0.59754,0.87147,0.47118,0.16861,0.19468,0.10819,1.33361,0.66781,0.91782,0.00649063,0.00649063,0.00649063
205,2417.92,1.20541,0.60003,0.87278,0.47904,0.17165,0.19543,0.10856,1.32119,0.66178,0.91348,0.00646085,0.00646085,0.00646085
206,2429.51,1.19633,0.59756,0.87122,0.47908,0.16956,0.19473,0.1078,1.34354,0.66747,0.91734,0.00643101,0.00643101,0.00643101
207,2441.18,1.19204,0.59903,0.87315,0.45873,0.1732,0.19112,0.10601,1.33115,0.65604,0.91652,0.00640111,0.00640111,0.00640111
208,2452.77,1.19744,0.59952,0.87069,0.45483,0.17286,0.19221,0.10591,1.35751,0.67165,0.92182,0.00637116,0.00637116,0.00637116
209,2464.35,1.19942,0.59448,0.87282,0.45087,0.16641,0.1915,0.10393,1.39958,0.72765,0.92677,0.00634117,0.00634117,0.00634117
210,2476.05,1.19141,0.59049,0.86966,0.45629,0.168,0.19612,0.10754,1.38528,0.70225,0.92288,0.00631112,0.00631112,0.00631112
211,2487.74,1.19812,0.59866,0.87212,0.48059,0.16989,0.19573,0.10861,1.33821,0.67265,0.91609,0.00628101,0.00628101,0.00628101
212,2499.36,1.19037,0.59169,0.86885,0.48267,0.17158,0.19516,0.10917,1.31199,0.65954,0.91278,0.00625087,0.00625087,0.00625087
213,2511.04,1.1981,0.5972,0.86704,0.47391,0.16926,0.19767,0.1093,1.34867,0.67938,0.91612,0.00622067,0.00622067,0.00622067
214,2522.74,1.18601,0.59859,0.86738,0.51855,0.1643,0.19159,0.10607,1.33044,0.66948,0.9152,0.00619043,0.00619043,0.00619043
215,2534.42,1.18648,0.59447,0.8679,0.48022,0.16983,0.20051,0.11085,1.35338,0.67527,0.92054,0.00616014,0.00616014,0.00616014
216,2546.08,1.18557,0.59039,0.86985,0.46559,0.17187,0.19955,0.11051,1.34708,0.67575,0.9189,0.00612981,0.00612981,0.00612981
217,2557.84,1.18356,0.5906,0.86948,0.4553,0.16916,0.19144,0.1062,1.3567,0.67529,0.9256,0.00609944,0.00609944,0.00609944
218,2569.44,1.18014,0.58878,0.86889,0.46677,0.16847,0.18913,0.10568,1.35014,0.66728,0.91929,0.00606902,0.00606902,0.00606902
219,2581.05,1.18288,0.58872,0.86857,0.47861,0.1652,0.19504,0.10779,1.36361,0.68732,0.92181,0.00603856,0.00603856,0.00603856
220,2592.64,1.18414,0.58562,0.86681,0.55647,0.16265,0.19883,0.10993,1.34474,0.68365,0.92126,0.00600807,0.00600807,0.00600807
221,2604.27,1.17386,0.58406,0.86883,0.54897,0.16507,0.19892,0.10955,1.34717,0.6772,0.92083,0.00597754,0.00597754,0.00597754
222,2615.9,1.16896,0.58782,0.86671,0.49104,0.16891,0.19655,0.10817,1.3433,0.67065,0.91911,0.00594697,0.00594697,0.00594697
223,2627.51,1.17529,0.58739,0.86724,0.47548,0.16813,0.19546,0.10896,1.33896,0.67481,0.91784,0.00591636,0.00591636,0.00591636
224,2639.15,1.17231,0.58483,0.86765,0.50605,0.16788,0.18978,0.10506,1.32788,0.675,0.91689,0.00588573,0.00588573,0.00588573
225,2650.79,1.17654,0.5875,0.86448,0.52966,0.16645,0.19158,0.10708,1.31407,0.67181,0.91147,0.00585505,0.00585505,0.00585505
226,2662.35,1.16197,0.58404,0.86347,0.48757,0.16809,0.19147,0.10627,1.3373,0.68436,0.91301,0.00582435,0.00582435,0.00582435
227,2673.75,1.17226,0.57902,0.86696,0.46797,0.17128,0.19536,0.10881,1.32679,0.66809,0.91569,0.00579362,0.00579362,0.00579362
228,2685.25,1.1634,0.57617,0.86538,0.438,0.1721,0.19463,0.11012,1.31735,0.66713,0.91529,0.00576285,0.00576285,0.00576285
229,2696.79,1.15699,0.57985,0.86535,0.43874,0.17293,0.19379,0.10852,1.33206,0.65901,0.91869,0.00573206,0.00573206,0.00573206
230,2708.39,1.15371,0.57441,0.86517,0.45118,0.17324,0.19254,0.10731,1.32264,0.65457,0.91736,0.00570124,0.00570124,0.00570124
231,2720.05,1.15874,0.57258,0.86586,0.46798,0.17294,0.19749,0.10934,1.34132,0.65798,0.91767,0.0056704,0.0056704,0.0056704
232,2731.5,1.15255,0.57551,0.86368,0.49093,0.17199,0.20129,0.11202,1.31302,0.64994,0.91335,0.00563953,0.00563953,0.00563953
233,2743.13,1.15273,0.58198,0.8638,0.48214,0.16997,0.19554,0.10748,1.34351,0.66447,0.91988,0.00560864,0.00560864,0.00560864
234,2754.61,1.14057,0.57515,0.86237,0.48979,0.16696,0.20147,0.11176,1.35407,0.69144,0.92349,0.00557773,0.00557773,0.00557773
235,2766.16,1.16196,0.57709,0.86222,0.47807,0.16805,0.20313,0.11098,1.36581,0.70258,0.92284,0.00554679,0.00554679,0.00554679
236,2777.79,1.15163,0.57655,0.86422,0.48587,0.16898,0.19718,0.10786,1.35943,0.68512,0.91923,0.00551584,0.00551584,0.00551584
237,2789.41,1.14456,0.57232,0.86289,0.53742,0.166,0.20207,0.11164,1.32461,0.6629,0.91236,0.00548486,0.00548486,0.00548486
238,2801.08,1.14403,0.57841,0.86271,0.4835,0.1724,0.20059,0.11217,1.30818,0.6581,0.9078,0.00545387,0.00545387,0.00545387
239,2812.73,1.13411,0.56903,0.86191,0.47296,0.1736,0.19764,0.10916,1.31863,0.66079,0.90782,0.00542287,0.00542287,0.00542287
240,2824.36,1.14885,0.57008,0.8626,0.46249,0.17324,0.19934,0.11055,1.33393,0.66765,0.9153,0.00539185,0.00539185,0.00539185
241,2835.93,1.14213,0.5685,0.86214,0.46602,0.17439,0.19954,0.11156,1.3107,0.65197,0.91377,0.00536081,0.00536081,0.00536081
242,2847.47,1.13972,0.5693,0.86142,0.45708,0.17482,0.20447,0.11404,1.32072,0.6582,0.91348,0.00532977,0.00532977,0.00532977
243,2859.08,1.13318,0.56614,0.86201,0.47432,0.17314,0.20445,0.11478,1.31407,0.65873,0.91102,0.00529871,0.00529871,0.00529871
244,2870.77,1.13465,0.56196,0.86204,0.46093,0.17423,0.20491,0.11459,1.32252,0.66609,0.91193,0.00526764,0.00526764,0.00526764
245,2882.43,1.1416,0.56706,0.86141,0.49099,0.174,0.20385,0.11298,1.32757,0.65921,0.91181,0.00523657,0.00523657,0.00523657
246,2894.1,1.12434,0.55754,0.85997,0.48569,0.17423,0.20134,0.11213,1.31599,0.6457,0.91251,0.00520548,0.00520548,0.00520548
247,2905.68,1.12273,0.56203,0.8602,0.48228,0.1722,0.19831,0.10976,1.32582,0.64576,0.91379,0.00517439,0.00517439,0.00517439
248,2917.25,1.12952,0.56626,0.86094,0.45192,0.17333,0.19724,0.10826,1.34488,0.66708,0.91606,0.0051433,0.0051433,0.0051433
249,2928.77,1.13061,0.5664,0.86152,0.48548,0.1722,0.20437,0.11425,1.31013,0.66029,0.91198,0.0051122,0.0051122,0.0051122
250,2940.27,1.13192,0.56578,0.86014,0.49531,0.17085,0.20515,0.11338,1.32649,0.66967,0.91365,0.0050811,0.0050811,0.0050811
251,2951.68,1.12532,0.56169,0.86105,0.46715,0.17403,0.20809,0.11653,1.30286,0.65882,0.909,0.00505,0.00505,0.00505
252,2963.2,1.12514,0.56336,0.86035,0.51028,0.169,0.20164,0.11287,1.3165,0.65214,0.91362,0.0050189,0.0050189,0.0050189
253,2974.65,1.12667,0.55888,0.86085,0.4743,0.17445,0.19973,0.11125,1.3139,0.64338,0.91229,0.0049878,0.0049878,0.0049878
254,2986.12,1.11775,0.55738,0.85988,0.4874,0.17152,0.20251,0.11365,1.30716,0.64459,0.91242,0.0049567,0.0049567,0.0049567
255,2997.7,1.11838,0.56128,0.85928,0.47727,0.1738,0.19778,0.1109,1.304,0.64029,0.91222,0.00492561,0.00492561,0.00492561
256,3009.26,1.11893,0.55526,0.85915,0.49071,0.17416,0.19963,0.1117,1.29544,0.63651,0.90987,0.00489452,0.00489452,0.00489452
257,3020.87,1.11324,0.55902,0.85785,0.51268,0.17556,0.204,0.11324,1.29812,0.63782,0.90976,0.00486343,0.00486343,0.00486343
258,3032.42,1.1156,0.55584,0.85969,0.45953,0.17583,0.20062,0.1118,1.31544,0.64566,0.91177,0.00483236,0.00483236,0.00483236
259,3043.93,1.11342,0.55425,0.85875,0.45965,0.17688,0.2042,0.11377,1.31154,0.65157,0.91095,0.00480129,0.00480129,0.00480129
260,3055.48,1.10538,0.55555,0.85795,0.45553,0.17767,0.20335,0.11258,1.31507,0.6485,0.90905,0.00477023,0.00477023,0.00477023
261,3066.94,1.10227,0.55668,0.85871,0.47424,0.17621,0.20137,0.11322,1.30172,0.63757,0.90945,0.00473919,0.00473919,0.00473919
262,3078.51,1.10123,0.55293,0.85798,0.48761,0.17149,0.20071,0.11214,1.30788,0.64755,0.91198,0.00470815,0.00470815,0.00470815
263,3090.09,1.10201,0.55182,0.85786,0.47426,0.17116,0.19654,0.10921,1.32536,0.65827,0.91302,0.00467713,0.00467713,0.00467713
264,3101.75,1.10451,0.55279,0.85684,0.47423,0.17362,0.20087,0.11245,1.30412,0.65019,0.91046,0.00464613,0.00464613,0.00464613
265,3113.53,1.10326,0.55576,0.85609,0.47038,0.17672,0.20451,0.11429,1.29616,0.63795,0.90648,0.00461514,0.00461514,0.00461514
266,3125.2,1.09581,0.54966,0.85553,0.50887,0.17089,0.20535,0.11357,1.32255,0.65126,0.912,0.00458416,0.00458416,0.00458416
267,3136.86,1.09918,0.55111,0.85668,0.49053,0.1709,0.20078,0.11143,1.3313,0.65434,0.91398,0.00455321,0.00455321,0.00455321
268,3148.47,1.10278,0.54658,0.85651,0.48402,0.16978,0.19644,0.10987,1.33069,0.65707,0.91367,0.00452227,0.00452227,0.00452227
269,3160.13,1.09087,0.5436,0.85717,0.46893,0.17316,0.20391,0.1145,1.31591,0.65713,0.91333,0.00449136,0.00449136,0.00449136
270,3171.67,1.09388,0.54816,0.85541,0.48257,0.17419,0.20433,0.11425,1.31578,0.65732,0.9127,0.00446047,0.00446047,0.00446047
271,3183.25,1.08461,0.54233,0.85532,0.47846,0.17453,0.20474,0.11474,1.31218,0.64684,0.91232,0.0044296,0.0044296,0.0044296
272,3194.8,1.08034,0.54112,0.8528,0.50476,0.17463,0.20967,0.11731,1.30284,0.646,0.91256,0.00439876,0.00439876,0.00439876
273,3206.42,1.08022,0.53913,0.85345,0.47871,0.17558,0.20716,0.11587,1.31114,0.65169,0.91071,0.00436794,0.00436794,0.00436794
274,3218.07,1.0854,0.54042,0.85373,0.47986,0.17703,0.20284,0.11348,1.30017,0.63699,0.90869,0.00433715,0.00433715,0.00433715
275,3229.69,1.07345,0.53704,0.85356,0.4943,0.17624,0.20183,0.11327,1.28642,0.63228,0.90754,0.00430638,0.00430638,0.00430638
276,3241.28,1.07715,0.54022,0.85399,0.51624,0.17537,0.20257,0.11333,1.29185,0.63334,0.90581,0.00427565,0.00427565,0.00427565
277,3252.94,1.08351,0.53991,0.85362,0.5138,0.17673,0.20256,0.11316,1.29178,0.63287,0.90616,0.00424495,0.00424495,0.00424495
278,3264.63,1.07962,0.5403,0.85292,0.49465,0.17596,0.20213,0.11381,1.2818,0.62904,0.90343,0.00421427,0.00421427,0.00421427
279,3276.23,1.07537,0.54348,0.85186,0.49524,0.1749,0.20816,0.11585,1.29283,0.63658,0.90689,0.00418364,0.00418364,0.00418364
280,3287.77,1.07637,0.54278,0.85185,0.46801,0.17582,0.20707,0.11535,1.29612,0.64285,0.90516,0.00415303,0.00415303,0.00415303
281,3299.34,1.06147,0.53992,0.85476,0.48797,0.17429,0.20837,0.11602,1.30294,0.64431,0.90688,0.00412246,0.00412246,0.00412246
282,3310.99,1.0822,0.54132,0.85386,0.50974,0.17267,0.20241,0.11172,1.32536,0.65405,0.91121,0.00409193,0.00409193,0.00409193
283,3322.56,1.08012,0.53702,0.85346,0.47222,0.17439,0.2044,0.11303,1.32935,0.66212,0.90919,0.00406144,0.00406144,0.00406144
284,3334.04,1.07188,0.53493,0.85353,0.49211,0.17196,0.20058,0.11112,1.32278,0.65314,0.90951,0.00403098,0.00403098,0.00403098
285,3345.51,1.06594,0.53248,0.85241,0.47734,0.17542,0.20586,0.11456,1.30334,0.64141,0.90841,0.00400056,0.00400056,0.00400056
286,3357.09,1.0628,0.53519,0.85304,0.49138,0.17531,0.20297,0.11335,1.30318,0.63506,0.91025,0.00397019,0.00397019,0.00397019
287,3368.57,1.05749,0.53149,0.85114,0.47899,0.17589,0.20459,0.11521,1.28933,0.63535,0.90854,0.00393986,0.00393986,0.00393986
288,3380.09,1.05158,0.52688,0.85133,0.49533,0.17319,0.20308,0.11447,1.28523,0.63544,0.90545,0.00390957,0.00390957,0.00390957
289,3391.56,1.05903,0.52894,0.85251,0.4709,0.17817,0.20475,0.11372,1.31192,0.63825,0.91071,0.00387933,0.00387933,0.00387933
290,3403.01,1.06311,0.53376,0.85096,0.47032,0.17885,0.20539,0.11483,1.30058,0.636,0.90841,0.00384913,0.00384913,0.00384913
291,3414.69,1.06119,0.53318,0.84961,0.47495,0.17739,0.20263,0.1124,1.30704,0.63418,0.90929,0.00381899,0.00381899,0.00381899
292,3426.15,1.05024,0.52772,0.85051,0.4834,0.17631,0.2055,0.11484,1.29552,0.63375,0.90541,0.00378888,0.00378888,0.00378888
293,3437.73,1.04946,0.52542,0.84967,0.48524,0.17805,0.20783,0.11687,1.28385,0.63043,0.90446,0.00375883,0.00375883,0.00375883
294,3449.41,1.04875,0.52313,0.84951,0.49284,0.17802,0.20818,0.11591,1.29287,0.63705,0.9052,0.00372884,0.00372884,0.00372884
295,3461.02,1.04397,0.52368,0.8487,0.49656,0.17622,0.20673,0.11545,1.29305,0.63706,0.90677,0.00369889,0.00369889,0.00369889
296,3472.5,1.04012,0.52337,0.84935,0.49926,0.17689,0.21169,0.1177,1.29561,0.64402,0.90905,0.00366899,0.00366899,0.00366899
297,3483.82,1.03777,0.51841,0.84969,0.48518,0.17875,0.2079,0.11677,1.28589,0.62311,0.90499,0.00363915,0.00363915,0.00363915
298,3495.51,1.03975,0.51997,0.84891,0.47574,0.17747,0.20965,0.11749,1.29717,0.63619,0.90502,0.00360937,0.00360937,0.00360937
299,3506.98,1.04151,0.52396,0.84902,0.48089,0.17693,0.21016,0.11769,1.29362,0.63152,0.90453,0.00357964,0.00357964,0.00357964
300,3518.29,1.0394,0.51969,0.84953,0.48866,0.1722,0.20839,0.11594,1.32167,0.64947,0.91124,0.00354998,0.00354998,0.00354998
301,3529.58,1.02989,0.5169,0.84966,0.48711,0.17204,0.20868,0.11575,1.32636,0.65217,0.91349,0.00352037,0.00352037,0.00352037
302,3540.92,1.02647,0.51868,0.84831,0.47997,0.17671,0.20932,0.11529,1.32259,0.64418,0.91122,0.00349082,0.00349082,0.00349082
303,3552.41,1.03081,0.51687,0.84833,0.47502,0.17601,0.2103,0.11681,1.31569,0.64294,0.90895,0.00346133,0.00346133,0.00346133
304,3563.84,1.02905,0.51667,0.84767,0.50323,0.17439,0.20973,0.11672,1.30868,0.63898,0.90858,0.0034319,0.0034319,0.0034319
305,3575.41,1.02893,0.51712,0.84907,0.49838,0.17498,0.21006,0.1171,1.29067,0.63512,0.90595,0.00340254,0.00340254,0.00340254
306,3586.97,1.02431,0.51434,0.84828,0.48339,0.17503,0.20588,0.11518,1.2955,0.62831,0.907,0.00337325,0.00337325,0.00337325
307,3598.57,1.02359,0.51362,0.84781,0.47545,0.17961,0.20779,0.11657,1.27715,0.61981,0.90412,0.00334402,0.00334402,0.00334402
308,3610.14,1.02478,0.5167,0.84634,0.51998,0.17645,0.20515,0.11592,1.2664,0.61585,0.90191,0.00331486,0.00331486,0.00331486
309,3621.69,1.01794,0.51321,0.84623,0.50788,0.17923,0.20769,0.11662,1.26757,0.62133,0.90304,0.00328576,0.00328576,0.00328576
310,3633.19,1.01685,0.51385,0.84556,0.50011,0.17957,0.21368,0.11956,1.27819,0.62477,0.90404,0.00325674,0.00325674,0.00325674
311,3644.7,1.01782,0.51091,0.8448,0.49783,0.17533,0.21243,0.11872,1.29981,0.6372,0.908,0.00322778,0.00322778,0.00322778
312,3656.23,1.01484,0.50727,0.8454,0.49602,0.17369,0.21112,0.11751,1.30546,0.64256,0.9093,0.0031989,0.0031989,0.0031989
313,3667.76,1.01321,0.50789,0.84555,0.5091,0.17652,0.21217,0.11844,1.28968,0.63293,0.90556,0.00317009,0.00317009,0.00317009
314,3679.21,1.01061,0.50867,0.84557,0.47988,0.17868,0.21193,0.11909,1.29275,0.62763,0.90679,0.00314136,0.00314136,0.00314136
315,3690.7,1.00942,0.50635,0.84698,0.48627,0.17844,0.21185,0.11677,1.30341,0.63459,0.90724,0.0031127,0.0031127,0.0031127
316,3702.25,1.00795,0.50762,0.84424,0.49509,0.17744,0.21076,0.11661,1.29193,0.62701,0.90663,0.00308412,0.00308412,0.00308412
317,3713.77,1.00418,0.50524,0.84435,0.50107,0.1762,0.21048,0.11687,1.30064,0.63258,0.90925,0.00305561,0.00305561,0.00305561
318,3725.32,1.00231,0.50292,0.84486,0.4889,0.17829,0.20977,0.11649,1.28903,0.62327,0.90575,0.00302719,0.00302719,0.00302719
319,3736.85,0.99807,0.50124,0.84379,0.47882,0.18108,0.21137,0.11776,1.28671,0.62008,0.90446,0.00299884,0.00299884,0.00299884
320,3748.35,0.99964,0.50463,0.84556,0.47806,0.17893,0.20877,0.11626,1.29618,0.62834,0.90671,0.00297058,0.00297058,0.00297058
321,3759.85,0.99409,0.50019,0.84496,0.49478,0.17774,0.20507,0.11401,1.28625,0.61965,0.90542,0.00294239,0.00294239,0.00294239
322,3771.24,1.00148,0.50239,0.84413,0.49442,0.17925,0.20677,0.11458,1.2948,0.62485,0.9067,0.00291429,0.00291429,0.00291429
323,3782.57,0.983,0.50055,0.84424,0.50556,0.17941,0.20451,0.11403,1.28133,0.62269,0.90155,0.00288628,0.00288628,0.00288628
324,3793.83,0.99755,0.5013,0.84359,0.49925,0.17962,0.20742,0.11625,1.28406,0.61993,0.90271,0.00285835,0.00285835,0.00285835
325,3805.1,0.99546,0.4994,0.84381,0.47038,0.18017,0.20919,0.11657,1.2995,0.6317,0.90448,0.0028305,0.0028305,0.0028305
326,3816.5,0.98743,0.49688,0.84335,0.49193,0.17867,0.20734,0.11589,1.28447,0.62615,0.90194,0.00280275,0.00280275,0.00280275
327,3828.01,0.98731,0.49761,0.84156,0.49108,0.18134,0.20731,0.11556,1.27868,0.62481,0.90198,0.00277508,0.00277508,0.00277508
328,3838.81,0.98342,0.49688,0.84226,0.48217,0.17954,0.20727,0.11617,1.28694,0.62604,0.90392,0.0027475,0.0027475,0.0027475
329,3849.62,0.97564,0.48968,0.84282,0.48704,0.18075,0.21223,0.1195,1.26779,0.61311,0.90267,0.00272002,0.00272002,0.00272002
330,3860.34,0.98108,0.49298,0.84323,0.47661,0.17987,0.21059,0.11865,1.26943,0.61466,0.90331,0.00269262,0.00269262,0.00269262
331,3871.91,0.96814,0.49295,0.84132,0.48584,0.17992,0.21382,0.11951,1.28921,0.62877,0.90661,0.00266532,0.00266532,0.00266532
332,3883.48,0.97624,0.4925,0.8419,0.47744,0.18069,0.21155,0.11834,1.29431,0.63229,0.90768,0.00263811,0.00263811,0.00263811
333,3895.05,0.97716,0.49274,0.84127,0.49326,0.17718,0.21062,0.11802,1.28299,0.62599,0.90366,0.002611,0.002611,0.002611
334,3906.61,0.98152,0.49155,0.84279,0.49924,0.17819,0.21023,0.11745,1.27951,0.62533,0.90036,0.00258398,0.00258398,0.00258398
335,3918.05,0.97759,0.49256,0.8416,0.4961,0.18087,0.20921,0.11678,1.26697,0.61022,0.89895,0.00255707,0.00255707,0.00255707
336,3929.46,0.97763,0.49386,0.8414,0.4963,0.17951,0.20884,0.11753,1.26273,0.60998,0.90013,0.00253024,0.00253024,0.00253024
337,3940.91,0.96808,0.49018,0.84118,0.51021,0.17715,0.21385,0.11986,1.27371,0.61863,0.90158,0.00250352,0.00250352,0.00250352
338,3952.48,0.96697,0.48825,0.84118,0.49034,0.17848,0.21193,0.11828,1.28542,0.61765,0.90344,0.0024769,0.0024769,0.0024769
339,3964.03,0.97003,0.48994,0.84151,0.49104,0.182,0.21336,0.11934,1.26919,0.61174,0.90154,0.00245039,0.00245039,0.00245039
340,3975.63,0.96666,0.48814,0.84088,0.48279,0.18322,0.21728,0.12056,1.28952,0.62272,0.905,0.00242397,0.00242397,0.00242397
341,3987.27,0.96291,0.48683,0.8411,0.48432,0.1814,0.21638,0.12052,1.28632,0.62597,0.90378,0.00239766,0.00239766,0.00239766
342,3999.01,0.95715,0.48695,0.83732,0.50027,0.17895,0.21689,0.12098,1.28529,0.62782,0.9036,0.00237145,0.00237145,0.00237145
343,4010.64,0.95715,0.48542,0.83866,0.5108,0.17815,0.21593,0.12144,1.27301,0.62154,0.90218,0.00234535,0.00234535,0.00234535
344,4022.36,0.96134,0.48691,0.84007,0.50913,0.17921,0.21243,0.11854,1.28077,0.61586,0.90359,0.00231935,0.00231935,0.00231935
345,4034.04,0.95461,0.48318,0.83936,0.48866,0.18175,0.21212,0.1185,1.27116,0.60925,0.90082,0.00229347,0.00229347,0.00229347
346,4045.56,0.95394,0.48211,0.83898,0.4887,0.18267,0.21076,0.1176,1.26765,0.60534,0.89954,0.00226769,0.00226769,0.00226769
347,4057.1,0.94956,0.48318,0.83849,0.48082,0.18245,0.20993,0.11753,1.26319,0.60477,0.89724,0.00224202,0.00224202,0.00224202
348,4068.57,0.95729,0.48166,0.8401,0.49885,0.17929,0.20926,0.11718,1.26546,0.61222,0.89899,0.00221646,0.00221646,0.00221646
349,4080.13,0.94656,0.47844,0.83833,0.50076,0.18303,0.20766,0.11673,1.2549,0.60608,0.89677,0.00219102,0.00219102,0.00219102
350,4091.66,0.95027,0.47965,0.83869,0.4959,0.1816,0.20842,0.11634,1.26837,0.61137,0.89819,0.00216568,0.00216568,0.00216568
351,4103.23,0.94255,0.47857,0.83809,0.49442,0.18242,0.21021,0.1184,1.2625,0.60589,0.89741,0.00214046,0.00214046,0.00214046
352,4114.8,0.94402,0.47721,0.83838,0.48319,0.18223,0.21074,0.11876,1.27218,0.60977,0.89849,0.00211536,0.00211536,0.00211536
353,4126.37,0.93626,0.47436,0.83742,0.49171,0.18148,0.2102,0.11863,1.26602,0.60362,0.89839,0.00209037,0.00209037,0.00209037
354,4137.96,0.94163,0.47461,0.83881,0.48838,0.18136,0.21005,0.11809,1.27054,0.60686,0.8989,0.0020655,0.0020655,0.0020655
355,4149.48,0.93176,0.47171,0.83729,0.50254,0.17614,0.21399,0.11983,1.27845,0.61467,0.90208,0.00204075,0.00204075,0.00204075
356,4161.14,0.93307,0.47141,0.837,0.51306,0.177,0.21443,0.11961,1.29115,0.62318,0.90524,0.00201611,0.00201611,0.00201611
357,4172.75,0.93072,0.47215,0.83746,0.50109,0.18047,0.21788,0.12203,1.2838,0.62198,0.90407,0.00199159,0.00199159,0.00199159
358,4184.28,0.93439,0.47464,0.83745,0.49554,0.17988,0.21916,0.12256,1.2912,0.62257,0.90617,0.0019672,0.0019672,0.0019672
359,4195.9,0.93291,0.47214,0.83631,0.48161,0.18148,0.21383,0.11885,1.2878,0.61372,0.90345,0.00194293,0.00194293,0.00194293
360,4207.46,0.92705,0.46982,0.83655,0.49715,0.1799,0.21209,0.11971,1.26196,0.60561,0.89918,0.00191878,0.00191878,0.00191878
361,4219.05,0.93539,0.47283,0.83674,0.5149,0.18017,0.21498,0.11982,1.26552,0.60786,0.89854,0.00189475,0.00189475,0.00189475
362,4230.58,0.92216,0.46918,0.83512,0.50568,0.18258,0.21146,0.11842,1.25337,0.59932,0.89626,0.00187085,0.00187085,0.00187085
363,4242.18,0.92513,0.46792,0.83458,0.49424,0.18105,0.21262,0.11946,1.26967,0.60696,0.90065,0.00184707,0.00184707,0.00184707
364,4253.76,0.9218,0.46688,0.83421,0.47518,0.18186,0.2099,0.11783,1.27252,0.60734,0.9007,0.00182342,0.00182342,0.00182342
365,4265.26,0.92081,0.46551,0.83433,0.49271,0.18204,0.21076,0.11802,1.26608,0.5994,0.90106,0.0017999,0.0017999,0.0017999
366,4276.81,0.91986,0.46505,0.83481,0.49898,0.17978,0.21074,0.11877,1.26803,0.60352,0.90108,0.00177651,0.00177651,0.00177651
367,4288.4,0.90696,0.45913,0.83444,0.50809,0.18085,0.21253,0.11956,1.26157,0.60358,0.89858,0.00175324,0.00175324,0.00175324
368,4300.04,0.91179,0.46283,0.83508,0.49426,0.18224,0.2137,0.12031,1.25882,0.60196,0.89797,0.00173011,0.00173011,0.00173011
369,4311.45,0.9077,0.46075,0.83389,0.5031,0.18042,0.21528,0.12029,1.2771,0.60849,0.90337,0.0017071,0.0017071,0.0017071
370,4322.88,0.91443,0.46403,0.83574,0.48236,0.17998,0.21369,0.11983,1.28472,0.61169,0.90318,0.00168423,0.00168423,0.00168423
371,4334.36,0.91352,0.46305,0.83404,0.4966,0.18116,0.21265,0.11954,1.2742,0.607,0.89915,0.00166149,0.00166149,0.00166149
372,4345.87,0.91627,0.46491,0.83527,0.50078,0.18305,0.2143,0.12,1.26886,0.60388,0.89905,0.00163889,0.00163889,0.00163889
373,4357.38,0.91232,0.46342,0.83417,0.49067,0.18328,0.21331,0.11954,1.26757,0.59884,0.89994,0.00161642,0.00161642,0.00161642
374,4368.78,0.90408,0.46011,0.83437,0.4913,0.18389,0.21363,0.11984,1.25761,0.59666,0.89942,0.00159408,0.00159408,0.00159408
375,4380.25,0.90746,0.45975,0.83295,0.48562,0.18293,0.21467,0.12103,1.25632,0.60153,0.89821,0.00157188,0.00157188,0.00157188
376,4391.79,0.90505,0.45973,0.833,0.4848,0.18431,0.21671,0.1215,1.26511,0.60476,0.89839,0.00154982,0.00154982,0.00154982
377,4403.3,0.90409,0.45845,0.83284,0.48941,0.18305,0.21597,0.12098,1.27176,0.61361,0.89797,0.0015279,0.0015279,0.0015279
378,4414.78,0.8944,0.45544,0.83267,0.50092,0.18224,0.21476,0.12054,1.25839,0.60495,0.89684,0.00150611,0.00150611,0.00150611
379,4426.18,0.90033,0.45672,0.83285,0.50878,0.18062,0.21548,0.12063,1.26059,0.59802,0.89841,0.00148447,0.00148447,0.00148447
380,4437.61,0.89433,0.45529,0.83257,0.4982,0.18001,0.21257,0.11912,1.27136,0.60107,0.89991,0.00146297,0.00146297,0.00146297
381,4449,0.89526,0.45374,0.83248,0.50079,0.18218,0.21547,0.12041,1.27133,0.60161,0.90073,0.00144161,0.00144161,0.00144161
382,4460.45,0.89298,0.45389,0.83246,0.49417,0.18159,0.21597,0.12054,1.284,0.60946,0.90405,0.00142039,0.00142039,0.00142039
383,4471.93,0.88095,0.44846,0.83136,0.50135,0.18182,0.21572,0.12064,1.26975,0.60379,0.90227,0.00139931,0.00139931,0.00139931
384,4483.4,0.88701,0.45089,0.83202,0.4967,0.18119,0.21341,0.11925,1.27524,0.60325,0.90221,0.00137838,0.00137838,0.00137838
385,4494.97,0.88834,0.45181,0.8329,0.49351,0.17972,0.2144,0.12038,1.26861,0.60242,0.90023,0.00135759,0.00135759,0.00135759
386,4506.47,0.88827,0.45183,0.83059,0.49779,0.17994,0.21429,0.12062,1.26815,0.59915,0.90045,0.00133695,0.00133695,0.00133695
387,4517.98,0.88119,0.44768,0.83051,0.47924,0.18273,0.21255,0.11915,1.27238,0.5984,0.90021,0.00131646,0.00131646,0.00131646
388,4529.48,0.88019,0.44862,0.83133,0.48242,0.18328,0.2155,0.12054,1.26879,0.5997,0.90072,0.00129611,0.00129611,0.00129611
389,4540.95,0.87898,0.44756,0.83062,0.50702,0.18054,0.21647,0.12068,1.26827,0.60215,0.90049,0.00127591,0.00127591,0.00127591
390,4552.57,0.87667,0.44503,0.8304,0.50382,0.18396,0.21438,0.11974,1.25954,0.5964,0.89812,0.00125586,0.00125586,0.00125586
391,4564.19,0.87852,0.44579,0.83164,0.5021,0.18422,0.21097,0.11829,1.25538,0.59558,0.89642,0.00123596,0.00123596,0.00123596
392,4575.77,0.87167,0.44481,0.82987,0.50487,0.1844,0.21311,0.1197,1.25102,0.59568,0.89415,0.00121621,0.00121621,0.00121621
393,4587.39,0.86872,0.44279,0.82987,0.48202,0.18427,0.2124,0.1199,1.25026,0.59772,0.895,0.00119661,0.00119661,0.00119661
394,4599,0.87166,0.44326,0.82917,0.49008,0.18287,0.21296,0.12017,1.25035,0.59944,0.89555,0.00117717,0.00117717,0.00117717
395,4610.61,0.86514,0.44111,0.83024,0.50279,0.18155,0.21362,0.1207,1.25378,0.5979,0.89709,0.00115787,0.00115787,0.00115787
396,4622.19,0.86626,0.44212,0.82953,0.49269,0.18228,0.21282,0.12024,1.25603,0.5982,0.89635,0.00113873,0.00113873,0.00113873
397,4633.8,0.86468,0.44208,0.83054,0.48587,0.1806,0.21185,0.1197,1.25832,0.59641,0.89472,0.00111975,0.00111975,0.00111975
398,4645.35,0.86028,0.4405,0.82927,0.48428,0.18296,0.21276,0.1198,1.25719,0.59661,0.89353,0.00110092,0.00110092,0.00110092
399,4656.82,0.85616,0.43872,0.82874,0.48214,0.18443,0.21644,0.12147,1.26102,0.6005,0.89638,0.00108224,0.00108224,0.00108224
400,4668.33,0.86411,0.43937,0.82962,0.49458,0.18059,0.21512,0.12073,1.27225,0.60399,0.89951,0.00106373,0.00106373,0.00106373
401,4679.81,0.86621,0.44098,0.8291,0.49295,0.18146,0.21401,0.12013,1.26544,0.59879,0.89712,0.00104537,0.00104537,0.00104537
402,4691.21,0.86049,0.43913,0.82889,0.49293,0.18194,0.21528,0.12071,1.2671,0.60068,0.89828,0.00102716,0.00102716,0.00102716
403,4702.71,0.85753,0.43872,0.82874,0.50311,0.18222,0.2165,0.12167,1.2579,0.59888,0.89748,0.00100912,0.00100912,0.00100912
404,4714.22,0.85503,0.43709,0.82842,0.51095,0.18153,0.21868,0.12335,1.25358,0.59825,0.89618,0.000991237,0.000991237,0.000991237
405,4725.71,0.8559,0.43679,0.82889,0.51413,0.18121,0.21993,0.12324,1.26034,0.60098,0.89851,0.000973514,0.000973514,0.000973514
406,4737.25,0.85076,0.43484,0.82748,0.5146,0.18117,0.21745,0.12218,1.25479,0.59554,0.8968,0.000955951,0.000955951,0.000955951
407,4748.77,0.85466,0.43593,0.82906,0.50373,0.18182,0.21654,0.12104,1.25627,0.59627,0.89622,0.00093855,0.00093855,0.00093855
408,4760.36,0.85386,0.43516,0.82849,0.49022,0.18347,0.21422,0.12,1.25357,0.59461,0.89552,0.000921312,0.000921312,0.000921312
409,4771.93,0.85216,0.43524,0.82824,0.49178,0.18517,0.21482,0.12076,1.2475,0.5922,0.8942,0.000904236,0.000904236,0.000904236
410,4783.51,0.84826,0.43393,0.82779,0.48944,0.1857,0.21699,0.12234,1.24736,0.59268,0.89508,0.000887324,0.000887324,0.000887324
411,4795.13,0.8505,0.43488,0.82824,0.49973,0.18422,0.21866,0.12289,1.24723,0.59146,0.89473,0.000870577,0.000870577,0.000870577
412,4806.67,0.84381,0.43145,0.82756,0.49071,0.18451,0.21886,0.12304,1.25085,0.59183,0.89557,0.000853994,0.000853994,0.000853994
413,4818.13,0.84759,0.43139,0.82831,0.48601,0.1817,0.21801,0.12346,1.25606,0.59581,0.89795,0.000837577,0.000837577,0.000837577
414,4829.71,0.84662,0.43222,0.82796,0.48756,0.1821,0.21901,0.12352,1.25902,0.59938,0.89781,0.000821327,0.000821327,0.000821327
415,4841.32,0.84261,0.43126,0.82657,0.48239,0.18353,0.21537,0.12151,1.26014,0.59805,0.89619,0.000805243,0.000805243,0.000805243
416,4852.89,0.84612,0.4317,0.82744,0.48641,0.18429,0.21533,0.12148,1.2507,0.59213,0.89393,0.000789327,0.000789327,0.000789327
417,4864.42,0.83724,0.4286,0.82666,0.49946,0.18398,0.21862,0.12295,1.24967,0.59213,0.89551,0.000773579,0.000773579,0.000773579
418,4875.9,0.83979,0.42961,0.82777,0.49989,0.18441,0.22054,0.12354,1.25635,0.5948,0.89607,0.000758,0.000758,0.000758
419,4887.31,0.84057,0.4292,0.82684,0.48664,0.18497,0.21679,0.12133,1.25991,0.59275,0.89456,0.00074259,0.00074259,0.00074259
420,4898.65,0.84158,0.42974,0.82721,0.49424,0.18315,0.21739,0.12213,1.25522,0.59441,0.89451,0.000727351,0.000727351,0.000727351
421,4910.01,0.83973,0.42855,0.82759,0.4963,0.18405,0.21835,0.12207,1.25791,0.59512,0.8951,0.000712282,0.000712282,0.000712282
422,4921.31,0.83335,0.42733,0.82779,0.49311,0.18469,0.21938,0.12277,1.25293,0.59272,0.8944,0.000697384,0.000697384,0.000697384
423,4932.62,0.84086,0.43064,0.82717,0.48687,0.18525,0.21826,0.12259,1.25191,0.59201,0.89341,0.000682658,0.000682658,0.000682658
424,4943.94,0.83137,0.42674,0.82532,0.49538,0.18424,0.21931,0.1231,1.24735,0.58968,0.89236,0.000668105,0.000668105,0.000668105
425,4955.47,0.83276,0.42502,0.82661,0.50228,0.18349,0.21608,0.12125,1.24632,0.58609,0.89324,0.000653725,0.000653725,0.000653725
426,4966.9,0.82505,0.42248,0.82627,0.49645,0.18388,0.21465,0.12027,1.24824,0.58698,0.8932,0.000639518,0.000639518,0.000639518
427,4978.33,0.82677,0.42295,0.82519,0.49749,0.18511,0.21277,0.11956,1.24597,0.58949,0.89199,0.000625485,0.000625485,0.000625485
428,4989.7,0.83192,0.42454,0.82642,0.49519,0.18457,0.21454,0.1205,1.24751,0.58722,0.89314,0.000611627,0.000611627,0.000611627
429,5001.05,0.82521,0.42283,0.82625,0.4964,0.18379,0.21827,0.1226,1.24848,0.58988,0.89438,0.000597944,0.000597944,0.000597944
430,5012.38,0.82182,0.42169,0.82662,0.48629,0.18507,0.2182,0.12238,1.25054,0.58952,0.89433,0.000584437,0.000584437,0.000584437
431,5023.7,0.82355,0.42063,0.8251,0.4936,0.1846,0.21351,0.12059,1.24696,0.58411,0.89341,0.000571106,0.000571106,0.000571106
432,5035.06,0.8273,0.42219,0.82486,0.49408,0.18398,0.21239,0.11949,1.24673,0.58518,0.89408,0.000557952,0.000557952,0.000557952
433,5046.44,0.82255,0.42121,0.82512,0.49729,0.18422,0.21387,0.12009,1.24677,0.58717,0.89431,0.000544975,0.000544975,0.000544975
434,5057.76,0.82039,0.42037,0.82606,0.49479,0.18478,0.21314,0.11991,1.24732,0.58795,0.89419,0.000532177,0.000532177,0.000532177
435,5069.19,0.82435,0.42131,0.825,0.46877,0.18582,0.21312,0.11934,1.26411,0.59485,0.89624,0.000519556,0.000519556,0.000519556
436,5080.74,0.82547,0.42128,0.82555,0.47634,0.18584,0.21326,0.11948,1.25923,0.59283,0.89469,0.000507115,0.000507115,0.000507115
437,5092.18,0.82172,0.41828,0.82395,0.49318,0.18617,0.21513,0.12069,1.2506,0.58741,0.89385,0.000494852,0.000494852,0.000494852
438,5103.61,0.8151,0.4166,0.82395,0.49454,0.18456,0.21774,0.1223,1.25584,0.59212,0.895,0.00048277,0.00048277,0.00048277
439,5115.01,0.82022,0.41877,0.82584,0.5078,0.18213,0.2206,0.12344,1.25536,0.5928,0.89623,0.000470868,0.000470868,0.000470868
440,5126.54,0.82271,0.41887,0.82493,0.50757,0.18362,0.22107,0.12408,1.25225,0.59058,0.89637,0.000459146,0.000459146,0.000459146
441,5138.11,0.81607,0.41758,0.82429,0.50445,0.1827,0.21914,0.12322,1.24839,0.58808,0.89544,0.000447606,0.000447606,0.000447606
442,5149.82,0.81206,0.41626,0.82306,0.49798,0.18269,0.21657,0.12212,1.2517,0.58855,0.89607,0.000436248,0.000436248,0.000436248
443,5161.41,0.81328,0.4168,0.82512,0.47497,0.18562,0.2172,0.12215,1.25017,0.59063,0.89571,0.000425072,0.000425072,0.000425072
444,5173.06,0.81851,0.41863,0.82481,0.492,0.18307,0.21835,0.12278,1.24994,0.59169,0.89579,0.000414078,0.000414078,0.000414078
445,5184.57,0.81679,0.41808,0.82447,0.49457,0.1836,0.21816,0.12282,1.24863,0.59015,0.89454,0.000403267,0.000403267,0.000403267
446,5195.99,0.81944,0.41851,0.82417,0.49379,0.18327,0.21793,0.12268,1.25146,0.5909,0.89402,0.00039264,0.00039264,0.00039264
447,5207.57,0.81486,0.41667,0.82456,0.49325,0.18289,0.21983,0.12377,1.25604,0.59435,0.89442,0.000382197,0.000382197,0.000382197
448,5219.06,0.81551,0.41787,0.82361,0.49733,0.18469,0.22024,0.12352,1.25174,0.58974,0.89369,0.000371938,0.000371938,0.000371938
449,5230.59,0.81198,0.41556,0.82328,0.49053,0.18509,0.2186,0.12278,1.24937,0.58688,0.89354,0.000361863,0.000361863,0.000361863
450,5242.15,0.80935,0.41397,0.82312,0.49131,0.18473,0.2187,0.12264,1.25468,0.59019,0.89449,0.000351974,0.000351974,0.000351974
451,5253.58,0.809,0.41346,0.82387,0.49306,0.18544,0.21903,0.12308,1.25452,0.59001,0.89425,0.00034227,0.00034227,0.00034227
452,5265.13,0.80726,0.41454,0.82506,0.49014,0.18535,0.21906,0.12288,1.254,0.58884,0.89403,0.000332752,0.000332752,0.000332752
453,5276.62,0.80921,0.41412,0.82401,0.49926,0.18534,0.22068,0.12358,1.25027,0.58925,0.89385,0.000323421,0.000323421,0.000323421
454,5288.12,0.81356,0.41658,0.8238,0.49805,0.18454,0.22148,0.12423,1.25062,0.58883,0.89427,0.000314275,0.000314275,0.000314275
455,5299.63,0.81081,0.41458,0.82457,0.4928,0.18503,0.22128,0.12418,1.25216,0.58877,0.89451,0.000305317,0.000305317,0.000305317
456,5311.12,0.80886,0.41376,0.82347,0.49872,0.18563,0.2218,0.12417,1.25246,0.59104,0.89454,0.000296546,0.000296546,0.000296546
457,5322.64,0.80814,0.41134,0.82351,0.50174,0.18681,0.2219,0.12409,1.2497,0.58783,0.89398,0.000287963,0.000287963,0.000287963
458,5334.21,0.80154,0.41179,0.82354,0.49658,0.18728,0.22115,0.12357,1.2507,0.5879,0.89411,0.000279568,0.000279568,0.000279568
459,5345.83,0.79802,0.40949,0.82316,0.49656,0.18693,0.21885,0.12247,1.25054,0.58545,0.89371,0.000271361,0.000271361,0.000271361
460,5357.37,0.80397,0.41196,0.82296,0.50103,0.18622,0.21836,0.12237,1.24795,0.58533,0.89322,0.000263343,0.000263343,0.000263343
461,5368.96,0.80662,0.41265,0.82238,0.50731,0.18536,0.21818,0.12227,1.24511,0.5834,0.89302,0.000255513,0.000255513,0.000255513
462,5380.57,0.80478,0.41201,0.82355,0.50113,0.18559,0.21694,0.12168,1.24407,0.58281,0.89262,0.000247873,0.000247873,0.000247873
463,5392.18,0.79893,0.40918,0.82288,0.49492,0.18602,0.21617,0.12142,1.24168,0.58226,0.89232,0.000240423,0.000240423,0.000240423
464,5403.75,0.79161,0.40578,0.82268,0.48922,0.18755,0.21716,0.12222,1.23799,0.58149,0.89227,0.000233162,0.000233162,0.000233162
465,5415.32,0.79968,0.41016,0.82229,0.48656,0.18636,0.21809,0.12245,1.24119,0.58319,0.89284,0.000226092,0.000226092,0.000226092
466,5426.92,0.79658,0.40854,0.82141,0.48303,0.18697,0.21783,0.12237,1.24327,0.58252,0.89335,0.000219212,0.000219212,0.000219212
467,5438.49,0.79865,0.40986,0.82241,0.49414,0.18549,0.21905,0.12308,1.24441,0.58303,0.89352,0.000212523,0.000212523,0.000212523
468,5450.1,0.79627,0.40886,0.82159,0.49619,0.18499,0.21951,0.12297,1.24886,0.5845,0.89377,0.000206025,0.000206025,0.000206025
469,5461.6,0.79794,0.40847,0.82276,0.48954,0.18501,0.22059,0.12339,1.25408,0.58737,0.89466,0.000199717,0.000199717,0.000199717
470,5472.96,0.79569,0.40745,0.82219,0.4852,0.18551,0.22027,0.12359,1.25004,0.58557,0.89427,0.000193602,0.000193602,0.000193602
471,5484.49,0.79291,0.40611,0.82141,0.48563,0.18515,0.21937,0.12326,1.24851,0.58415,0.89446,0.000187678,0.000187678,0.000187678
472,5495.98,0.79638,0.40805,0.82269,0.49496,0.18469,0.22027,0.12369,1.2489,0.58577,0.89453,0.000181946,0.000181946,0.000181946
473,5507.51,0.79426,0.40732,0.82198,0.49534,0.18535,0.22092,0.12397,1.25242,0.58836,0.89572,0.000176407,0.000176407,0.000176407
474,5518.96,0.79031,0.40494,0.82261,0.50057,0.1854,0.22165,0.12436,1.24875,0.58576,0.8952,0.000171059,0.000171059,0.000171059
475,5530.5,0.79463,0.40776,0.82215,0.50377,0.18606,0.22112,0.12389,1.24725,0.58294,0.89394,0.000165905,0.000165905,0.000165905
476,5541.99,0.79928,0.41017,0.82098,0.50174,0.18557,0.21977,0.12328,1.24752,0.58285,0.89346,0.000160943,0.000160943,0.000160943
477,5553.46,0.79574,0.4069,0.82169,0.49928,0.18678,0.22048,0.12344,1.24737,0.58287,0.89295,0.000156174,0.000156174,0.000156174
478,5564.95,0.7909,0.40584,0.82282,0.49217,0.18709,0.22044,0.12349,1.24851,0.58378,0.89332,0.000151598,0.000151598,0.000151598
479,5576.39,0.79405,0.40583,0.82223,0.49513,0.1857,0.22045,0.12357,1.24813,0.58422,0.89363,0.000147216,0.000147216,0.000147216
480,5587.84,0.79228,0.40534,0.82327,0.49559,0.1856,0.22011,0.1236,1.24779,0.58482,0.89329,0.000143027,0.000143027,0.000143027
481,5599.27,0.78647,0.4038,0.82076,0.48907,0.1867,0.21962,0.12335,1.24729,0.58452,0.89325,0.000139032,0.000139032,0.000139032
482,5610.62,0.79173,0.40492,0.82139,0.4914,0.18552,0.21903,0.12319,1.25036,0.5852,0.89389,0.000135231,0.000135231,0.000135231
483,5622.03,0.78881,0.40436,0.82189,0.49534,0.18557,0.21975,0.12319,1.25244,0.58578,0.89454,0.000131624,0.000131624,0.000131624
484,5633.37,0.78754,0.4038,0.82242,0.49054,0.18632,0.21937,0.12304,1.24947,0.58476,0.89375,0.000128211,0.000128211,0.000128211
485,5644.84,0.78808,0.40386,0.82219,0.49113,0.18634,0.21897,0.12326,1.24397,0.58123,0.89258,0.000124992,0.000124992,0.000124992
486,5656.34,0.78424,0.40275,0.82151,0.49283,0.18752,0.2205,0.12386,1.24057,0.57973,0.89177,0.000121968,0.000121968,0.000121968
487,5667.9,0.78162,0.40134,0.82108,0.4931,0.18767,0.2217,0.12461,1.23991,0.58015,0.89199,0.000119139,0.000119139,0.000119139
488,5679.44,0.79344,0.40484,0.82147,0.48822,0.18755,0.22139,0.12464,1.24292,0.58153,0.89284,0.000116504,0.000116504,0.000116504
489,5690.89,0.78477,0.40117,0.82082,0.48733,0.18675,0.22115,0.12447,1.249,0.58431,0.89397,0.000114063,0.000114063,0.000114063
490,5702.3,0.78772,0.40326,0.8207,0.48811,0.18564,0.2212,0.12431,1.25174,0.58534,0.89465,0.000111818,0.000111818,0.000111818
491,5718.95,1.28616,0.71287,0.89631,0.4853,0.18703,0.21877,0.12253,1.24706,0.58126,0.89333,0.000109768,0.000109768,0.000109768
492,5730.58,1.22183,0.60395,0.88052,0.49022,0.1855,0.20692,0.11624,1.23655,0.58693,0.89114,0.000107912,0.000107912,0.000107912
493,5742.05,1.18708,0.5772,0.87379,0.48465,0.18503,0.20262,0.11449,1.23422,0.59438,0.89137,0.000106252,0.000106252,0.000106252
494,5753.57,1.1795,0.56643,0.8707,0.47847,0.18568,0.20698,0.11664,1.23709,0.59427,0.89052,0.000104787,0.000104787,0.000104787
495,5765.12,1.16668,0.55776,0.86979,0.49343,0.18633,0.21228,0.11913,1.23607,0.59194,0.88907,0.000103517,0.000103517,0.000103517
496,5776.56,1.16242,0.55608,0.86732,0.49661,0.18659,0.21425,0.12069,1.23575,0.59103,0.8893,0.000102443,0.000102443,0.000102443
497,5788.05,1.1576,0.55221,0.86641,0.49658,0.18656,0.21417,0.121,1.23498,0.58759,0.8895,0.000101563,0.000101563,0.000101563
498,5799.69,1.15196,0.54928,0.86513,0.49639,0.18848,0.21527,0.121,1.23142,0.58343,0.88914,0.000100879,0.000100879,0.000100879
499,5811.11,1.15589,0.55117,0.86501,0.49231,0.18963,0.21548,0.12144,1.22658,0.57932,0.88833,0.000100391,0.000100391,0.000100391
500,5822.52,1.14972,0.54904,0.86379,0.49495,0.19017,0.21597,0.12204,1.22487,0.57787,0.8882,0.000100098,0.000100098,0.000100098
